label,review
ham,go jurong point crazy available bugis n great world la e buffet cine get amore wat
ham,ok lar joking wif u oni
spam,free entry 2 wkly comp win fa cup final tkts 21st may 2005 text fa 87121 receive entry question std txt rate c apply 08452810075over18
ham,u dun say early hor u c already say
ham,nah think go usf life around though
spam,freemsg hey darling 3 week word back like fun still tb ok xxx std chgs send 1 50 rcv
ham,even brother like speak treat like aid patent
ham,per request melle melle oru minnaminunginte nurungu vettam set callertune caller press 9 copy friend callertune
spam,winner value network customer select receivea 900 prize reward claim call 09061701461 claim code kl341 valid 12 hour
spam,mobile 11 month u r entitle update late colour mobile camera free call mobile update co free 08002986030
ham,gon na home soon want talk stuff anymore tonight k cry enough today
spam,six chance win cash 100 20 000 pound txt csh11 send 87575 cost 150p day 6days 16 tsandcs apply reply hl 4 info
spam,urgent 1 week free membership 100 000 prize jackpot txt word claim 81010 c www dbuk net lccltd pobox 4403ldnw1a7rw18
ham,search right word thank breather promise wont take help grant fulfil promise wonderful blessing time
ham,date sunday
spam,xxxmobilemovieclub use credit click wap link next txt message click xxxmobilemovieclub com n qjkgighjjgcbl
ham,oh k watch
ham,eh u remember 2 spell name yes v naughty make v wet
ham,fine way u feel way gota b
spam,england v macedonia dont miss goal team news txt ur national team 87077 eg england 87077 try wale scotland 4txt ú1 20 poboxox36504w45wq 16
ham,seriously spell name
ham,go try 2 month ha ha joking
ham,ü pay first lar da stock comin
ham,aft finish lunch go str lor ard 3 smth lor u finish ur lunch already
ham,ffffffffff alright way meet sooner
ham,force eat slice really hungry tho suck mark get worried know sick turn pizza lol
ham,lol always convince
ham,catch bus fry egg make tea eat mom leave dinner feel love
ham,back pack car let know room
ham,ahhh work vaguely remember feel like lol
ham,wait still clear sure sarcastic x want live u
ham,yeah get 2 v apologetic n fall actin like spoilt child get catch till 2 go badly cheer
ham,k tell anything
ham,fear faint housework quick cuppa
spam,thanks subscription ringtone uk mobile charge 5 month please confirm reply yes reply charge
ham,yup ok go home look timing msg ü xuhui go learn 2nd may lesson 8am
ham,oops let know roommate do
ham,see letter b car
ham,anything lor u decide
ham,hello saturday go texting see decide anything tomo try invite anything
ham,pls go ahead watts wanted sure great weekend abiola
ham,forget tell want need crave love sweet arabian steed mmmmmm yummy
spam,07732584351 rodger burn msg try call reply sms free nokia mobile free camcorder please call 08000930705 delivery tomorrow
ham,see
ham,great hope like man well endow inch
ham,call message miss call
ham,get hep b immunisation nigeria
ham,fair enough anything go
ham,yeah hopefully tyler could maybe ask around bit
ham,u know stubborn even want go hospital kept tell mark weak sucker hospital weak sucker
ham,think first time saw class
ham,gram usually run like half eighth smarter though get almost whole second gram
ham,k fyi x ride early tomorrow morning crash place tonight
ham,wow never realize embarassed accomodations think like since best could always seem happy cave sorry give sorry offer sorry room embarassing
spam,sm ac sptv new jersey devil detroit red wing play ice hockey correct incorrect end reply end sptv
ham,know mallika sherawat yesterday find url
spam,congrats 1 year special cinema pas 2 call 09061209465 c suprman v matrix3 starwars3 etc 4 free bx420 ip4 5we 150pm dont miss
ham,sorry call later meeting
ham,tell reach
ham,yes gauti sehwag odi series
ham,gon na pick 1 burger way home even move pain killing
ham,ha ha ha good joke girl situation seeker
ham,part check iq
ham,sorry roommate take forever ok come
ham,ok lar double check wif da hair dresser already say wun cut v short say cut look nice
spam,value customer pleased advise follow recent review mob award 1500 bonus prize call 09066364589
ham,today song dedicate day song u dedicate send ur valuable frnds first rply
spam,urgent ur award complimentary trip eurodisinc trav aco entry41 1000 claim txt dis 87121 18 6 1 50 morefrmmob shracomorsglsuplt 10 ls1 3aj
spam,hear new divorce barbie come ken stuff
ham,plane give month end
ham,wah lucky man save money hee
ham,finish class
ham,hi babe im home wan na something xx
ham,k k perform
ham,u call
ham,wait machan call free
ham,thats cool gentleman treat dignity respect
ham,like people much shy pa
ham,operate
ham,still look job much ta earn
ham,sorry call later
ham,k call ah
ham,ok way home hi hi
ham,place man
ham,yup next stop
ham,call later network urgnt sm
ham,real u get yo need 2 ticket one jacket do already use multis
ham,yes start send request make pain come back back bed double coin factory get ta cash nitros
ham,really still tonight babe
ham,ela kano il download come wen ur free
ham,yeah stand close tho catch something
ham,sorry pain ok meet another night spend late afternoon casualty mean do stuff42moro include time sheet sorry
ham,smile pleasure smile pain smile trouble pours like rain smile sum1 hurt u smile becoz someone still love see u smile
spam,please call customer service representative 0800 169 6031 10am 9pm guaranteed 1000 cash 5000 prize
ham,havent plan buy later check already lido get 530 show e afternoon u finish work already
spam,free ringtone wait collect simply text password mix 85069 verify get usher britney fml po box 5249 mk17 92h 450ppw 16
ham,watch telugu movie wat abt u
ham,see finish load loan pay
ham,hi wk ok hols yes bite run forget hairdresser appointment four need get home n shower beforehand cause prob u
ham,see cup coffee animation
ham,please text anymore nothing else say
ham,okay name ur price long legal wen pick u ave x am xx
ham,still look car buy go 4the drive test yet
ham,per request melle melle oru minnaminunginte nurungu vettam set callertune caller press 9 copy friend callertune
ham,wow right mean guess give boston men change search location nyc something change cuz signin page still say boston
ham,umma life vava umma love lot dear
ham,thanks lot wish birthday thanks make birthday truly memorable
ham,aight hit get cash
ham,would ip address test consider computer minecraft server
ham,know grumpy old people mom like good lying always one play joke
ham,dont worry guess busy
ham,plural noun research
ham,go dinner msg
ham,ok wif co like 2 try new thing scar u dun like mah co u say loud
spam,gent try contact last weekend draw show 1000 prize guarantee call 09064012160 claim code k52 valid 12hrs 150ppm
ham,wa ur openin sentence formal anyway fine juz tt eatin much n puttin weight haha anythin special happen
ham,enter cabin pa say happy b day bos felt special askd 4 lunch lunch invite apartment go
spam,winner u specially select 2 receive 1000 4 holiday flight inc speak live operator 2 claim 0871277810910p min 18
ham,goodo yes must speak friday egg potato ratio tortilla need
ham,hmm uncle inform pay school directly pls buy food
spam,private 2004 account statement 07742676969 show 786 unredeemed bonus point claim call 08719180248 identifier code 45239 expires
spam,urgent mobile award 2000 bonus caller prize 5 9 03 final try contact u call landline 09064019788 box42wr29c 150ppm
ham,new address apple pair malarky
spam,today voda number end 7548 select receive 350 award match please call 08712300220 quote claim code 4041 standard rate app
ham,go sao mu today do 12
ham,ü predict wat time ü finish buying
ham,good stuff
ham,know yetunde sent money yet send text bother send dont involve anything impose anything first place apologise
ham,room
ham,hey girl r u hope u r well del r bak long time c give call sum time lucyxx
ham,k k much cost
ham,home
ham,dear call tmorrow pls accomodate
ham,first answer question
spam,sunshine quiz wkly q win top sony dvd player u know country algarve txt ansr 82277 1 50 sp tyrone
spam,want 2 get lay tonight want real dogging location send direct 2 ur mob join uk large dog network bt txting gravel 69888 nt ec2a 31p msg 150p
ham,haf msn yijue hotmail com
ham,call meet
ham,check room befor activity
spam,rcv msg chat svc free hardcore service text go 69988 u get nothing u must age verify yr network try
ham,get c lazy type forget ü lect saw pouch like v nice
ham,k text way
ham,sir wait mail
ham,swt think nver get tired little thing 4 lovable person coz somtimes little thing occupy big part heart gud ni8
ham,know pls open back
ham,yes see ya dot
ham,whats staff name take class u
spam,freemsg reply text randy sexy female live local luv hear u netcollex ltd 08700621170150p per msg reply stop end
ham,ummma call check life begin qatar pls pray hard
ham,k delete contact
ham,sindu get job birla soft
ham,wine flow nevering
ham,yup thk cine well co need 2 go 2 plaza mah
ham,ok ur typical reply
ham,per request melle melle oru minnaminunginte nurungu vettam set callertune caller press 9 copy friend callertune
ham,everywhere dirt floor window even shirt sometimes open mouth come flow dream world without half chore time joy lot tv show see guess like thing must exist like rain hail mist time do become one
ham,aaooooright work
ham,leave house
ham,hello love get interview today happy good boy think miss
spam,customer service annoncement new year delivery wait please call 07046744435 arrange delivery
spam,winner u specially select 2 receive 1000 cash 4 holiday flight inc speak live operator 2 claim 0871277810810
ham,keep safe need miss already envy everyone see real life
ham,new car house parent new job hand
ham,love excite day spend make happy
spam,pls stop bootydelious 32 f invite friend reply yes 434 434 see www sm ac u bootydelious stop send stop frnd 62468
spam,bangbabes ur order way u receive service msg 2 download ur content u goto wap bangb tv ur mobile internet service menu
ham,place ur point e culture module already
spam,urgent try contact last weekend draw show 900 prize guarantee call 09061701939 claim code s89 valid 12hrs
ham,hi frnd best way avoid missunderstding wit beloved one
ham,great escape fancy bridge need lager see tomo
ham,yes completely form clark also utter waste
ham,sir need axis bank account bank address
ham,hmmm thk sure get time hop ard ya go 4 free abt muz call u discus liao
ham,time come later
ham,bloody hell cant believe forget surname mr ill give u clue spanish begin
ham,well gon na finish bath good fine night
ham,let know get money carlos make call
ham,u still go mall
ham,turn friend stay whole show back til feel free go ahead smoke worth
ham,text doesnt reply let know log
ham,hi speak maneesha v like know satisfied experience reply toll free yes
ham,lift hope offer money need especially end month approach hurt study anyways gr8 weekend
ham,lol u trust
ham,ok gentleman treat dignity respect
ham,guy close
ham,go nothing great bye
ham,hello handsome find job lazy working towards get back net mummy boytoy miss
ham,haha awesome minute
spam,please call customer service representative freephone 0808 145 4742 9am 11pm guaranteed 1000 cash 5000 prize
ham,get xmas radio time get
ham,jus reach home go bathe first si use net tell u finish k
spam,unique enough find 30th august www areyouunique co uk
ham,sorry join league people dont keep touch mean great deal friend time even great personal cost great week
ham,hi finally complete course
ham,stop however suggest stay someone able give or every stool
ham,hope settle new school year wishin gr8 day
ham,gud mrng dear hav nice day
ham,u get person story
ham,hamster dead hey tmr meet 1pm orchard mrt
ham,hi kate even hope see tomorrow bit bloody babyjontet txt back u xxx
ham,find enc
ham,sent buck
ham,hello darlin ive finish college txt u finish u love kate xxx
ham,account refill successfully inr decimal keralacircle prepaid account balance r decimal transaction id kr
ham,goodmorning sleep ga
ham,u call alter 11 ok
ham,ü say like dat dun buy ericsson oso oredi lar
ham,enter cabin pa say happy b day bos felt special askd 4 lunch lunch invite apartment go
ham,aight yo dat straight dogg
ham,please give u connection today decimal refund bill
ham,shoot big load get ready
ham,bruv hope great break rewarding semester
ham,home always chat
ham,k k good study well
ham,yup ü noe leh
ham,sound great home
ham,finally match head towards draw prediction
ham,tire slept well past night
ham,easy ah sen get select mean good
ham,take exam march 3
ham,yeah think use gt atm register sure anyway help let know sure ready
ham,ok prob take ur time
ham,o call ubandu run without instal hard disk use os copy important file system give repair shop
ham,sorry call later
ham,u say leh course nothing happen lar say v romantic jus bit lor thk e nite scenery nice leh
spam,500 new mobile 2004 must go txt nokia 89545 collect today 1 www 4 tc biz 2optout 087187262701 50gbp mtmsg18
ham,would really appreciate call need someone talk
spam,u meet ur dream partner soon ur career 2 flyng start 2 find free txt horo follow ur star sign e g horo aries
ham,hey company elama po mudyadhu
ham,life strict teacher bcoz teacher teach lesson conduct exam life first conduct exam teach lesson happy morning
ham,dear good morning
ham,get gandhipuram walk cross cut road right side street road turn first right
ham,dear go rubber place
ham,sorry battery die yeah
ham,yes tv always available work place
spam,text meet someone sexy today u find date even flirt u join 4 10p reply name age eg sam 25 18 msg recd thirtyeight penny
ham,print oh come upstairs
ham,ill little closer like bus stop street
ham,wil reach
ham,new theory argument win situation lose person dont argue ur friend kick say always correct
spam,u 447801259231 secret admirer look 2 make contact u find r reveal think ur special call 09058094597
ham,tomarrow final hearing laptop case cant
ham,pleassssssseeeeee tel v avent do sportsx
ham,okay shin meant sign sound well
ham,although tell u dat baig face watch really like e watch u give co fr u thanx 4 everything dat u do today touch
ham,u remember old commercial
ham,late say website dont slipper
ham,ask call ok
ham,kallis wont bat 2nd inning
ham,didnt work oh ok goodnight fix ready time wake dearly miss good night sleep
spam,congratulation ur award 500 cd voucher 125gift guarantee free entry 2 100 wkly draw txt music 87066 tncs www ldew com1win150ppmx3age16
ham,ranjith cal drpd deeraj deepak 5min hold
ham,wen ur lovable bcums angry wid u dnt take seriously coz angry childish n true way show deep affection care n luv kettoda manda nice day da
ham,
ham,ups 3days also ship company take 2wks way usps take week get lag may bribe nipost get stuff
ham,back lem know ready
ham,necessarily expect do get back though headin
ham,mmm yummy babe nice jolt suzy
ham,lover need
spam,try contact reply offer video handset 750 anytime network min unlimited text camcorder reply call 08000930705
ham,park next mini come today think
ham,yup
ham,anyway go shop cos si do yet dun disturb u liao
ham,luton 0125698789 ring ur around h
spam,hey really horny want chat see naked text hot 69698 text charge 150pm unsubscribe text stop 69698
ham,dint come u
ham,wana plan trip sometme
ham,sure yet still try get hold
spam,ur ringtone service change 25 free credit go club4mobiles com choose content stop txt club stop 87070 150p wk club4 po box1146 mk45 2wt
ham,evo download flash jealous
spam,ringtone club get uk single chart mobile week choose top quality ringtone message free charge
ham,come mu sort narcotic situation
ham,night end another day morning come special way may smile like sunny ray leave worry blue blue bay
spam,hmv bonus special 500 pound genuine hmv voucher answer 4 easy question play send hmv 86688 info www 100percent real com
ham,usf guess might well take 1 car
ham,objection bf come
ham,thanx
ham,tell rob mack gf theater
ham,awesome see bit
ham,sent type food like
ham,do hand celebration full swing yet
ham,get call tool
ham,wen u miss someone person definitely special u person special miss keep touch gdeve
ham,ok ask money far
ham,okie
ham,yeah think usual guy still pass last night get ahold anybody let know throw
ham,k might come tonight class let early
ham,ok
ham,hi baby im cruisin girl friend r u 2 give call hour home thats alright fone fone love jenny xxx
ham,life mean lot love life love people life world call friend call world ge
ham,dear shall mail tonite busy street shall update tonite thing look ok varunnathu edukkukayee raksha ollu good one real sense
ham,hey tell name gautham ah
ham,haf u find feel stupid da v cam work
ham,oops 4 get bit
ham,much buzy
ham,accidentally delete message resend please
spam,mobile customer may claim free camera phone upgrade pay go sim card loyalty call 0845 021 3680 offer end 28thfeb c apply
ham,unless situation go gurl would appropriate
ham,hurt tease make cry end life die plz keep one rise grave say stupid miss u nice day bslvyl
ham,cant pick phone right pls send message
ham,need coffee run tomo believe time week already
ham,awesome remember last time get somebody high first time diesel v
ham,shit really shock scary cant imagine second def night u think somewhere could crash night save taxi
ham,oh way food fridge want go meal tonight
ham,womdarfull actor
spam,sm ac blind date 4u rodds1 21 aberdeen united kingdom check sms ac w icmb3cktz8r7 4 blind date send hide
ham,yup remb think book
ham,jos ask u wana meet
ham,lol yes friendship hang thread cause u buy stuff
spam,themob check new selection content game tone gossip babe sport keep mobile fit funky text wap 82468
ham,garage key bookshelf
ham,today accept day u accept brother sister lover dear1 best1 clos1 lvblefrnd jstfrnd cutefrnd lifpartnr belovd swtheart bstfrnd rply mean enemy
spam,think ur smart win 200 week weekly quiz text play 85222 c winnersclub po box 84 m26 3uz 16 gbp1 50 week
ham,say give call friend get money definitely buy end week
ham,hi way u 2day normal way real ur unique hope know u 4 rest mylife hope u find wot lose
ham,make day great day
ham,k k advance happy pongal
ham,hmmm guess go 4 kb n power yoga haha dunno tahan power yoga anot thk get lo oso forget liao
ham,really dude friend afraid
spam,december mobile 11mths entitled update late colour camera mobile free call mobile update co free 08002986906
ham,coffee cake guess
ham,merry christmas babe love ya kiss
ham,hey dont go watch x men lunch haha
ham,cud u tell ppl im gona b bit l8 co 2 bus hav gon past co full im still waitin 4 1 pete x
ham,would great guild could meet bristol road somewhere get touch weekend plan take flight good week
ham,problem
ham,call message miss call
ham,hi da today class
ham,say good sign well know track record reading woman
ham,cool text park
ham,read text send meant joke read light
ham,k k apo k good movie
ham,maybe could get book tomo return immediately something
spam,call germany 1 penny per minute call fix line via access number 0844 861 85 85 prepayment direct access
ham,chance might evaporate soon violated privacy steal phone number employer paperwork cool please contact report supervisor
spam,valentine day special win 1000 quiz take partner trip lifetime send go 83600 150p msg rcvd custcare 08718720201
ham,ta daaaaa home babe still
ham,cool come havent win din
ham,sleep surf
ham,sorry call later
ham,u call right call hand phone
ham,ok great thanx lot
ham,take post come must 1000 text happy read one wiv hello caroline end favourite bless
ham,u hiding stranger
ham,interested like
ham,sister clear two round birla soft yesterday
ham,gudnite tc practice go
ham,dis yijue jus saw ur mail case huiming havent send u num dis num
ham,one small prestige problem
spam,fancy shag interested sextextuk com txt xxuk suzy 69876 txts cost 1 50 per msg tncs website x
ham,check really miss see jeremiah great month
ham,nah help never iphone
ham,car hour half go apeshit
ham,today sorry day ever angry ever misbehave hurt plz plz slap urself bcoz ur fault basically good
ham,yo guy ever figure much need alcohol jay try figure much safely spend weed
ham,ish minute 5 minute ago wtf
ham,thank call forgot say happy onam sirji fine remember meet insurance person meet qatar insha allah rakhesh ex tata aig join tissco tayseer
spam,congratulation ur award 500 cd voucher 125gift guarantee free entry 2 100 wkly draw txt music 87066 tncs www ldew com1win150ppmx3age16
spam,ur cash balance currently 500 pound maximize ur cash send cash 86688 150p msg cc 08708800282 hg suite342 2lands row w1j6hl
ham,actor work work even sleep late since unemployed moment always sleep late unemployed every day saturday
ham,hello get st andrew boy long way cold keep post
ham,ha ha cool cool chikku chikku db
ham,oh ok prob
ham,check audrey status right
ham,busy try finish new year look forward finally meet
ham,good afternoon sunshine dawn day refresh happy alive breathe air smile think love always
ham,well know z take care worry
spam,update_now xmas offer late motorola sonyericsson nokia free bluetooth double min 1000 txt orange call mobileupd8 08000839402 call2optout f4q
spam,discount code rp176781 stop message reply stop www regalportfolio co uk customer service 08717205546
ham,wat uniform get
ham,cool text ready
ham,hello boytoy geeee miss already woke wish bed cuddle love
ham,spoil bed well
ham,go bath msg next min
ham,cant keep talk people sure pay agree price pls tell want really buy much willing pay
spam,thanks ringtone order reference t91 charge gbp 4 per week unsubscribe anytime call customer service 09057039994
ham,say happen
ham,could see recognise face
ham,well lot thing happen lindsay new year sigh bar ptbo blue heron something go
ham,keep payasam rinu brings
ham,taught ranjith sir call sm like becaus he verify project prabu tell today pa dont mistake
ham,guess worry must know way body repair quite sure worry take slow first test guide ovulation relax nothing say reason worry keep followin
ham,yeah sure give couple minute track wallet
ham,hey leave big deal take care
ham,hey late ah meet 945
spam,double min txts 4 6months free bluetooth orange available sony nokia motorola phone call mobileupd8 08000839402 call2optout n9dx
ham,take mr owl 3 lick
ham,customer place call
ham,mm time dont like fun
spam,4mths half price orange line rental late camera phone 4 free phone 11mths call mobilesdirect free 08000938767 update or2stoptxt
ham,yup lunch buffet u eat already
ham,huh late fr dinner
ham,hey sit go intro pilate kickboxing
ham,morning ok
ham,yes think office lap room think thats last day didnt shut
ham,pick bout 7 30ish time go
ham,performance award calculate every two month current one month period
ham,actually sleep still might u call back text gr8 rock si send u text wen wake
ham,always put business put picture ass facebook one open people ever meet would think picture room would hurt make feel violate
ham,good evening sir al salam wahleykkum share happy news grace god get offer tayseer tissco join hope fine inshah allah meet sometime rakhesh visitor india
ham,hmmm k want change field quickly da wan na get system administrator network administrator
spam,free ringtone text first 87131 poly text get 87131 true tone help 0845 2814032 16 1st free tone 3x 150pw e nd txt stop
ham,dear chechi talk
ham,hair cream ship
ham,none happen til get though
ham,yep great loxahatchee xmas tree burn start hour
ham,haha get use drive usf man know lot stoner
ham,well slightly disastrous class pm fav darling hope day ok coffee wld good stay late tomorrow time place always
ham,hello good week fancy drink something later
ham,headin towards busetop
ham,message text miss sender name miss number miss send date miss miss u lot thats everything miss send via fullonsms com
ham,come room point iron plan weekend
ham,co want thing
ham,okies go yan jiu skip ard oso go cine den go mrt one blah blah blah
ham,bring home wendy
spam,100 date service cal l 09064012103 box334sk38ch
ham,whatsup dont u want sleep
ham,alright new goal
spam,free entry 250 weekly competition text word win 80086 18 c www txttowin co uk
ham,alright head minute text meet
spam,send logo 2 ur lover 2 name join heart txt love name1 name2 mobno eg love adam eve 07123456789 87077 yahoo pobox36504w45wq txtno 4 ad 150p
ham,yes last week take live call
spam,someone contact date service enter phone fancy find call landline 09111032124 pobox12n146tf150p
ham,siva hostel aha
spam,urgent mobile number award 2000 prize guarantee call 09058094455 land line claim 3030 valid 12hrs
ham,send ur friend receive something ur voice speak expression 1 childish 2 naughty 3 sentiment 4 rowdy 5 ful attitude 6 romantic 7 shy 8 attractive 9 funny irritate lovable reply
ham,ok ok guess
ham,aathi dear
ham,pain urination thing else
ham,7 esplanade ü mind give lift co get car today
ham,wnt buy bmw car urgently vry urgent hv shortage lacs source arng dis amt lac thats prob
ham,home watch tv lor
ham,usually take fifteen fuck minute respond yes question
spam,congrats nokia 3650 video camera phone call 09066382422 call cost 150ppm ave call 3mins vary mobile 16 close 300603 post bcm4284 ldn wc1n3xx
ham,book ticket pongal
ham,available like right around hillsborough th
ham,message send askin dollar shoul pay
ham,ask g iouri tell story like ten time already
ham,long applebees fuck take
ham,hi hope u get txt journey hasnt gd 50 min late think
ham,like love arrange
ham,yes really great bhaji tell kallis best cricketer sachin world tough get
ham,suppose wake
ham,oic saw tot din c find group liao
ham,sorry call later
ham,hey hey werethe monkeespeople say monkeyaround howdy gorgeous howu doin foundurself jobyet sausage love jen xxx
ham,sorry battery die come get gram place
ham,well do blimey exercise yeah kinda remember wot hmm
ham,wont get concentration dear know mind everything
ham,lol make plan new year
ham,10 min later k
ham,hank lotsly
ham,thanks hope good day today
ham,k k detail want transfer acc enough
ham,ok tell stay yeah tough optimistic thing improve month
spam,loan purpose 500 75 000 homeowner tenant welcome previously refuse still help call free 0800 1956669 text back help
ham,si si think ill go make oreo truffle
ham,look amy ure beautiful intelligent woman like u lot know u like like worry
ham,hope result consistently intelligent kind start ask practicum link keep ear open best ttyl
ham,1 20 call cost guess isnt bad miss ya need ya want ya love ya
ham,go thru different feel wavering decision cop individual time heal everything believe
ham,u go phone gon na die stay
ham,great never good day give even reason thank god
spam,upgrdcentre orange customer may claim free camera phone upgrade loyalty call 0207 153 9153 offer end 26th july c apply opt available
ham,sorry call later ok bye
ham,ok way railway
ham,great princess love give receive oral doggy style fave position enjoy make love time per night
ham,put stuff road keep get slippery
ham,go ride bike
ham,yup need jus wait 4 e rain 2 stop
ham,many company tell language
spam,okmail dear dave final notice collect 4 tenerife holiday 5000 cash award call 09061743806 landline tc sae box326 cw25wx 150ppm
ham,long since scream princess
ham,nothing mean money enters account bank remove flat rate someone transfer account dollar get removed bank differ charge also differ sure trust 9ja person send account detail cos
spam,want 2 get lay tonight want real dogging location send direct 2 ur mob join uk large dog network txting moan 69888nyt ec2a 31p msg 150p
ham,nice line say broken heart plz cum 1 time infront wise trust u good 9t
ham,ok gon na head usf like fifteen minute
ham,love aathi love u lot
ham,tension ah machi problem
ham,k pick another 8th do
ham,guy get back g say think stay mcr
ham,almost see u sec
ham,yo carlos friend already ask work weekend
ham,watch tv lor
ham,thank baby cant wait taste real thing
ham,change fb jaykwon thuglyfe falconerf
ham,win really 1 side long time
spam,free message activate 500 free text message reply message word free term condition visit www 07781482378 com
ham,dear reach railway happen
ham,depends quality want type sent boye fade glory 6 want ralphs maybe 2
ham,think fix send test message
ham,sorry man account dry would want could trade back half could buy shit credit card
spam,congrats 1 year special cinema pas 2 call 09061209465 c suprman v matrix3 starwars3 etc 4 free bx420 ip4 5we 150pm dont miss
ham,sorry meeting call later
ham,class reunion
ham,free call
ham,get meh
ham,nope think go monday sorry reply late
ham,told accenture confirm true
ham,kate jackson rec center 7ish right
ham,dear reache room
ham,fight world easy u either win lose bt fightng some1 close u dificult u lose u lose u win u still lose
ham,ü come
ham,check nuerologist
ham,lolnice go fish water
spam,123 congratulation week competition draw u 1450 prize claim call 09050002311 b4280703 c stop sm 08718727868 18 150ppm
ham,wait e car dat bore wat co wait outside get nothing 2 home stuff watch tv wat
ham,maybe westshore hyde park village place near house
ham,know anthony bring money school fee pay rent stuff like thats need help friend need
ham,significance
ham,opinion 1 2 jada 3 kusruthi 4 lovable 5 silent 6 spl character 7 mature 8 stylish 9 simple pls reply
ham,8 late g still scrounge ammo want give new ak try
ham,prabha soryda realy frm heart sory
ham,lol ok forgiven
ham,jst change tat
spam,guarantee late nokia phone 40gb ipod mp3 player 500 prize txt word collect 83355 ibhltd ldnw15h 150p mtmsgrcvd18
ham,competition
spam,boltblue tone 150p reply poly mono eg poly3 1 cha cha slide 2 yeah 3 slow jamz 6 toxic 8 come stop 4 tone txt
spam,credit top renewal pin tgxxrz
ham,way transport less problematic sat night way u want ask n join bday feel free need know definite no book fri
ham,usually person unconscious child adult may behave abnormally call
ham,ebay might less elsewhere
ham,shall come get pickle
ham,gon na go get tacos
ham,rude campus
spam,urgent mobile award 2 000 bonus caller prize 02 09 03 2nd attempt contact call 0871 872 9755 box95qu
ham,hi b ard 4 christmas enjoy n merry x ma
spam,today offer claim ur 150 worth discount voucher text yes 85023 savamob member offer mobile c 08717898035 3 00 sub 16 unsub reply x
ham,yes pretty lady like single
spam,recieve tone within next 24hrs term condition please see channel u teletext pg 750
ham,jay say double faggot
spam,private 2003 account statement 07815296484 show 800 un redeem point call 08718738001 identifier code 41782 expire 18 11 04
ham,today sunday sunday holiday work
ham,gudnite tc practice go
ham,late
ham,call hop l8r malaria know miss guy miss bani big pls give love especially great day
ham,good afternoon love go day hope maybe get lead job think boytoy send passionate kiss across sea
ham,probably gon na see later tonight
ham,maybe fat finger press button know
ham,ummmmmaah many many happy return day dear sweet heart happy birthday dear
ham,tirupur da start office call
spam,www applausestore com monthlysubscription 50p msg max6 month csc web age16 2stop txt stop
ham,famous quote develop ability listen anything unconditionally without lose temper self confidence mean married
ham,go college pa else ill come self pa
ham,4 oclock mine bash flat plan
ham,girl stay bed girl need recovery time id rather pas fun cooped bed
ham,special
ham,know need get hotel get invitation apologise cali sweet come english bloke weddin
ham,sorry take long omw
ham,wait min
ham,ok give 5 minute think see btw alibi cut hair whole time
ham,imagine finally get sink bath put pace maybe even eat leave also imagine feel cage cock surround bath water remind always own enjoy cuck
ham,hurry weed deficient like three day
ham,sure get acknowledgement astoundingly tactless generally faggy demand blood oath fo
ham,ok every night take warm bath drink cup milk see work magic still need loose weight know
ham,look fry pan case cheap book perhaps silly fry pan likely book
ham,well uv cause mutation sunscreen like essential thesedays
ham,lunch online
ham,know friend already tell
ham,hi princess thank pic pretty
ham,aiyo u always c ex one dunno abt mei reply first time u reply fast lucky workin huh get bao ur sugardad ah gee
ham,hi msg office
ham,thanx 4 e brownie v nice
ham,geeeee love much barely stand
spam,gent try contact last weekend draw show 1000 prize guarantee call 09064012160 claim code k52 valid 12hrs 150ppm
ham,fuck babe miss already know let send money towards net need want crave
ham,ill call u 2mrw ninish address icky american freek wont stop callin 2 bad jen k eh
ham,oooh bed ridden ey thinking
ham,anyways go gym whatever love smile hope ok good day babe miss much already
ham,love daddy make scream pleasure go slap as dick
ham,wot u wan na missy
ham,yar lor wait 4 mum 2 finish sch lunch lor whole morning stay home clean room room quite clean hee
ham,know lab goggles go
ham,open door
ham,wait call
ham,nope wait sch 4 daddy
spam,1 000 cash 2 000 prize claim call09050000327
ham,tire argue week week want
ham,ü wait 4 sch finish ard 5
spam,mobile number 5000 claim call u back ring claim hot line 09050005321
ham,arngd marriage u r walkin unfortuntly snake bite u bt love marriage dance frnt snake sayin bite bite
ham,huh early ü dinner outside izzit
ham,ok anyway need change say
spam,try contact reply offer 750 min 150 textand new video phone call 08002988890 reply free delivery tomorrow
ham,ex wife able kid want kid one day
ham,scotland hope show jjc tendency take care live dream
ham,tell u headache want use 1 hour sick time
ham,dun thk quit yet hmmm go jazz yogasana oso go meet em lesson den
ham,pete please ring meive hardly gotany credit
ham,ya srsly well yi tho
ham,meet call later
spam,ur chance win 250 wkly shopping spree txt shop 80878 c www txt 2 shop com custcare 08715705022 1x150p wk
spam,specially select receive 2000 pound award call 08712402050 line close cost 10ppm 16 c apply ag promo
spam,private 2003 account statement 07753741225 show 800 un redeem point call 08715203677 identifier code 42478 expire 24 10 04
ham,still grand prix
ham,meet stranger choose friend long world stand friendship never end let friends forever gud nitz
ham,great
ham,gud mrng dear nice day
spam,important customer service announcement call freephone 0800 542 0825
ham,exhaust train morning much wine pie sleep well
ham,go buy mum present ar
ham,mind blastin tsunami occur rajnikant stop swim indian ocean
ham,u send home first ok lor ready yet
ham,speak cash yet
ham,happy come noon
ham,meet lunch la
ham,take care n get well soon
spam,xclusive clubsaisai 2morow 28 5 soiree speciale zouk nichols paris free rose 2 lady info 07946746291 07880867867
ham,meant say cant wait see u get bored bridgwater banter
ham,neva mind ok
ham,fine imma get drink somethin want come find
spam,22 day kick euro2004 u kept date late news result daily remove send get txt stop 83222
ham,valentine game send dis msg ur friends 5 answer r someone really love u ques colour suit best rply
ham,many dependent
ham,thanx4 today cer nice 2 catch ave 2 find time often oh well take care c u soon c
ham,call say choose future
ham,happy valentine day know early hundred handsomes beauty wish think finish aunty uncles 1st
ham,like v shock leh co tell shuhui like tell leona also like dat almost know liao get ask abt ur reaction lor
ham,family happiness
ham,come n pick ü come immediately aft ur lesson
ham,let snow let snow kind weather bring ppl together friendship grow
ham,dear get dollar hi hi
ham,good word word may leave u dismay many time
ham,make sure alex know birthday fifteen minute far concerned
ham,sorry get thing may pub later
ham,nah straight bring bud drink something actually little useful straight cash
ham,haha good hear officially pay market 8th
ham,many lick take get center tootsie pop
ham,yup thk r e teacher say make face look long darren ask 2 cut short
spam,new textbuddy chat 2 horny guy ur area 4 25p free 2 receive search postcode gaytextbuddy com txt one name 89693
spam,today vodafone number end 4882 select receive 350 award number match call 09064019014 receive 350 award
ham,please dont say like hi hi hi
ham,thank u
ham,oh forward message think send
ham,get seventeen pound seven hundred ml hope ok
spam,dear voucher holder 2 claim week offer pc go ts cs apply 2 stop text txt stop 80062
ham,n funny
ham,sweetheart hope kind day one load reason smile biola
ham,ü login dat time dad fetch ü home
ham,shower baby
ham,askd u question hour answer
ham,well imma definitely need restock thanksgiving let know
ham,say kiss kiss sound effect gorgeous man kind person need smile brighten day
ham,probably gon na swing wee bit
ham,ya nice ready thursday
ham,allo brave bus take train triumph mean b ham jolly good rest week
ham,watch cartoon listen music eve go temple church u
ham,mind ask happen dont say uncomfortable
spam,private 2003 account statement show 800 un redeem point call 08715203694 identifier code 40533 expire 31 10 04
ham,prob send email
spam,1 000 cash 2 000 prize claim call09050000327 c rstm sw7 3ss 150ppm
ham,thats cool sometimes slow gentle sonetimes rough hard
ham,gon na say sorry would normal start panic time sorry see tuesday
ham,wait know wesley town bet hella drug
ham,fine miss much
ham,u get person story
ham,tell drug dealer get impatient
ham,sun cant come earth send luv ray cloud cant come river send luv rain cant come meet u send care msg u gud evng
ham,place man
ham,doesnt make sense take unless free need know wikipedia com
spam,88800 89034 premium phone service call 08718711108
ham,sea lay rock rock envelope envelope paper paper 3 word
ham,mum repent
ham,sorry go home first daddy come fetch ü later
ham,leave de start prepare next
ham,yes baby study position kama sutra
ham,en chikku nange bakra msg kalstiya tea coffee
ham,carlos minute still need buy
ham,pay decimal lakh
ham,good evening ttyl
ham,u receive msg
ham,ho ho big belly laugh see ya tomo
spam,sm ac sun0819 post hello seem cool want say hi hi stop send stop 62468
spam,get ur 1st ringtone free reply msg tone gr8 top 20 tone phone every week 1 50 per wk 2 opt send stop 08452810071 16
ham,ditto worry say anything anymore like say last night whatever want peace
ham,get way could pick
ham,dont knw pa drink milk
ham,maybe say hi find got card great escape wetherspoons
ham,piggy r u awake bet u still sleep go 4 lunch
ham,cause freaky lol
ham,miss call cause yell scrappy miss u wait u come home lonely today
ham,hex place talk explain
ham,ü log 4 wat sdryb8i
ham,xy go 4 e lunch
spam,hi sue 20 year old work lapdancer love sex text live bedroom text sue 89555 textoperator g2 1da 150ppmsg 18
ham,want ask ü wait 4 finish lect co lect finish hour anyway
ham,finish work yet
ham,every king cry baby every great building map imprtant u r today u wil reach tomorw gud ni8
ham,dear cherthala case u r come cochin pls call bfore u start shall also reach accordingly tell day u r come tmorow engage an holiday
ham,thanks love torch bold
spam,please call 08712404000 immediately urgent message wait
ham,farm open
ham,sorry trouble u buy 4d dad 1405 1680 1843 2 big 1 small sit n sun thanx
ham,sister law hope great month say hey abiola
ham,purchase stuff today mail po box number
ham,ah poop look like ill prob send laptop get fix cuz gpu problem
ham,good good job like entrepreneur
ham,aight close still around alex place
ham,meet corporation st outside gap see mind work
ham,mum ask ü buy food home
ham,k u also dont msg reply msg
ham,much r ü willing pay
ham,sorry call later
ham,important prevent dehydration give enough fluid
ham,thats bite weird even suppose happen good idea sure pub
ham,true dear sat pray even felt sms time
ham,think get away trek long family town sorry
ham,wan na gym harri
ham,quite late lar ard 12 anyway wun b drivin
spam,review keep fantastic nokia n gage game deck club nokia go 2 www cnupdates com newsletter unsubscribe alert reply word
spam,4mths half price orange line rental late camera phone 4 free phone 11mths call mobilesdirect free 08000938767 update or2stoptxt cs
ham,height confidence aeronautics professor wer calld wer askd 2 sit aeroplane aftr sit wer tell dat plane w make student dey hurry plane bt 1 didnt move say make student wont even start datz confidence
ham,seem like weird time night g want come smoke day shitstorm attribute always come make everyone smoke
spam,08714712388 10am 7pm cost 10p
ham,save stress person dorm account send account detail money sent
ham,also know lunch menu da know
ham,stuff sell tell
spam,449071512431 urgent 2nd attempt contact u u 1250 call 09071512433 b4 050703 csbcm4235wc1n3xx callcost 150ppm mobilesvary max 7 50
ham,book lesson msg call work sth go get specs membership px3748
spam,guaranteed 1000 cash 2000 prize claim yr prize call customer service representative 08714712394 10am 7pm
ham,macha dont feel upset assume mindset believe one even wonderful plan u let life begin call anytime
ham,oh send address
ham,fine anytime best
ham,wondar full flim
ham,ya even cooky jelly
ham,world run still maybe feel admit mad correction let call life keep running world may u r also run let run
ham,get look scrumptious daddy want eat night long
ham,co lar ba dao ok 1 pm lor u never ask go ah say u would ask fri say u ask today
ham,alright omw get ta change order half8th
ham,exactly anyways far jide study visit
ham,dunno u ask
spam,email alertfrom jeri stewartsize 2kbsubject low cost prescripiton drvgsto listen email call 123
ham,spring come early yay
ham,lol feel bad use money take steak dinner
ham,even u dont get trouble convince tel twice tel neglect msg dont c read dont reply
ham,leave qatar tonite search opportunity go fast pls add ur prayer dear rakhesh
ham,one talk
ham,thanks look really appreciate
spam,hi customer loyalty offer new nokia6650 mobile 10 txtauction txt word start 81151 get 4t ctxt tc 150p mtmsg
ham,wish
ham,haha mayb u rite u know well da feel like someone gd lor u faster go find one gal group attach liao
ham,yes glad make
ham,well little time thing good time ahead
ham,get room soon put clock back til 8 shout everyone get realise 7 wahay another hour bed
ham,ok may free gym
ham,men like short lady gaze eye
ham,dunno jus say go lido time 930
ham,promise take good care princess run please send pic get chance ttyl
spam,u subscribe best mobile content service uk 3 per 10 day send stop 82324 helpline 08706091795
ham,reason spoken year anyways great week best exam
ham,monday next week give full gist
spam,realize 40 year thousand old lady run around tattoo
spam,important customer service announcement premier
ham,dont gim lip caveboy
ham,get library
ham,realy sorry recognise number confuse r u please
ham,didnt holla
ham,cant think anyone spare room top head
ham,faith make thing possible hope make thing work love make thing beautiful may three christmas merry christmas
ham,u make appointment
ham,call carlos phone vibrate acting might hear text
spam,romantic paris 2 night 2 flight 79 book 4 next year call 08704439680ts c apply
ham,grandma oh dear u still ill felt shit morning think hungover another night leave sit
spam,urgent ur 500 guarantee award still unclaimed call 09066368327 closingdate04 09 02 claimcode m39m51 1 50pmmorefrommobile2bremoved mobypobox734ls27yf
ham,nothing jus tot u would ask co u ba gua go mt faber yest yest jus go already mah today go jus call lor
ham,wish family merry x ma happy new year advance
spam,ur award city break could win 200 summer shopping spree every wk txt store 88039 skilgme tscs087147403231winawk age16 1 50perwksub
ham,nt goin get somethin unless meetin 4 dinner lor haha wonder go ti time
ham,sorry call later
ham,cant pick phone right pls send message
ham,lol know dramatic school already close tomorrow apparently drive inch snow suppose get
ham,get anywhere damn job hunt
ham,lol u drunkard hair moment yeah still 4 tonight wats plan
ham,idc get weaseling way shit twice row
ham,wil minute get space
ham,sleep surf
ham,thanks pick trash
ham,go tell friend sure want live smoke much spend hour beg come smoke
ham,hi kate lovely see tonight ill phone tomorrow get sing guy give card xxx
ham,happy new year dear brother really miss get number decide send text wish happiness abiola
ham,mean get door
ham,opinion 1 2 jada 3 kusruthi 4 lovable 5 silent 6 spl character 7 mature 8 stylish 9 simple pls reply
ham,hmmm think say 2 hour slave 3 late punish
ham,beerage
spam,important customer service announcement premier call freephone 0800 542 0578
ham,dont think turn like randomlly within 5min opening
ham,suppose make still town though
ham,time fix spell sometimes get completely diff word go figure
spam,ever think living good life perfect partner txt back name age join mobile community 100p sm
spam,5 free top polyphonic tone call 087018728737 national rate get toppoly tune send every week text subpoly 81618 3 per pole unsub 08718727870
ham,gud mrng dear hav nice day
ham,hop enjoy game yesterday sorry touch pls know fondly bein thot great week abiola
ham,e best 4 ur drive tmr
ham,u dogbreath sound like jan c al
ham,omg want scream weigh lose weight woohoo
ham,generally one uncountable noun u dictionary piece research
ham,really get hang around
spam,orange customer may claim free camera phone upgrade loyalty call 0207 153 9996 offer end 14thmarch c apply opt availa
ham,petey boy whereare friendsare thekingshead come canlove nic
ham,ok msg u b4 leave house
ham,gim minute ago
spam,last chance claim ur 150 worth discount voucher today text shop 85023 savamob offer mobile c savamob pobox84 m263uz 3 00 sub 16
ham,appt time fault u listen tell u twice
spam,free 1st week no1 nokia tone 4 ur mobile every week txt nokia 8077 get txting tell ur mate www getzed co uk pobox 36504 w45wq 16 norm150p tone
spam,guarantee 200 award even 1000 cashto claim ur award call free 08000407165 18 2 stop getstop 88222 php rg21 4jx
ham,k 4
ham,dled 3d imp
ham,sure make sure know smokin yet
ham,boooo always work quit
ham,take half day leave bec well
ham,ugh wan na get bed warm
ham,nervous
ham,ring come guy costume gift future yowifes hint hint
spam,congratulation ur award either 500 cd gift voucher free entry 2 100 weekly draw txt music 87066 tncs www ldew com1win150ppmx3age16
ham,borrow ur bag ok
spam,u outbid simonwatson5120 shinco dvd plyr 2 bid visit sm ac smsrewards 2 end bid notification reply end
ham,boytoy miss happen
ham,lot use one babe model help youi bring match
ham,also bring galileo dobby
ham,respond
ham,boo babe u enjoyin yourjob u seem 2 b gettin well hunny hope ure ok take care llspeak 2u soonlots loveme xxxx
ham,good afternoon starshine boytoy crave yet ache fuck sip cappuccino miss babe teasing kiss
ham,road cant txt
spam,smsservices yourinclusive text credit pls goto www comuk net login 3qxj9 unsubscribe stop extra charge help 08702840625 comuk 220 cm2 9ae
spam,25p 4 alfie moon child need song ur mob tell ur m8s txt tone charity 8007 nokias poly charity polys zed 08701417012 profit 2 charity
ham,good evening ttyl
ham,hmm bit piece lol sigh
ham,hahaha use brain dear
ham,hey get mail
ham,sorry light turn green meant another friend want worth may around
ham,thanks yesterday sir wonderful hope enjoy burial mojibiola
spam,u secret admirer reveal think u r special call 09065174042 opt reply reveal stop 1 50 per msg recd cust care 07821230901
ham,hi mate rv u hav nice hol message 3 say hello coz send u 1 age start drive stay road rvx
spam,dear voucher holder claim week offer pc please go ts c apply stop text txt stop 80062
ham,thank much skyped wit kz sura didnt get pleasure company hope good give ultimatum oh countin aburo enjoy message send day ago
ham,surely result offer
ham,good morning dear great successful day
spam,want 750 anytime network min 150 text new video phone five pound per week call 08002888812 reply delivery tomorrow
ham,sir late pay rent past month pay charge felt would inconsiderate nag something give great cost didnt speak however recession wont able pay charge month hence askin well ahead month end please help thanks
spam,try contact offer new video phone 750 anytime network mins half price rental camcorder call 08000930705 reply delivery wed
spam,last chance 2 claim ur 150 worth discount voucher text yes 85023 savamob member offer mobile c 08717898035 3 00 sub 16 remove txt x stop
ham,luv u soo much u understand special u r 2 ring u 2morrow luv u xxx
ham,pls send comprehensive mail pay much
ham,prashanthettan mother pass away last night pray family
spam,urgent call 09066350750 landline complimentary 4 ibiza holiday 10 000 cash await collection sae c po box 434 sk3 8wp 150 ppm 18
ham,k k go
ham,meanwhile shit suite xavier decide give u second warn samantha come play jay guitar impress shit also think doug realizes live anymore
ham,stomach thru much trauma swear eat well lose weight
ham,office whats matter msg call break
ham,yeah barely enough room two u x many fucking shoe sorry man see later
spam,today offer claim ur 150 worth discount voucher text yes 85023 savamob member offer mobile c 08717898035 3 00 sub 16 unsub reply x
ham,u reach orchard already u wan 2 go buy ticket first
ham,real baby want bring inner tigress
ham,da run activate full version da
ham,ah poor baby hope urfeeling bettersn luv probthat overdose work hey go careful spk 2 u sn lot lovejen xxx
ham,stop story tell return say order
spam,talk sexy make new friend fall love world discreet text date service text vip 83110 see could meet
ham,go take babe
ham,hai ana tomarrow come morning decimal ill sathy go rto office reply come home
ham,spoon okay
ham,say somebody name tampa
ham,work go min
ham,brother genius
ham,sorry guess whenever get hold connection maybe hour two text
ham,u find time bus coz need sort stuff
ham,dude ive see lotta corvette lately
spam,congratulation ur award either yrs supply cd virgin record mystery gift guarantee call 09061104283 t c www smsco net 1 50pm approx 3mins
ham,consider wall bunker shit important never play peaceful guess place high enough matter
spam,private 2003 account statement 07808 xxxxxx show 800 un redeem point call 08719899217 identifier code 41685 expire 07 11 04
spam,hello need posh bird chap user trial prod champneys put need address dob asap ta r
spam,u want xmas 100 free text message new video phone half price line rental call free 0800 0721072 find
ham,well officially philosophical hole u wan na call home ready save
ham,go good problem still need little experience understand american customer voice
ham,text drop x
ham,ugh long day exhaust want cuddle take nap
ham,talk atleast day otherwise miss best friend world shakespeare shesil
spam,shop till u drop either 10k 5k 500 cash 100 travel voucher call 09064011000 ntt po box cr01327bt fixedline cost 150ppm mobile vary
ham,castor need see something
spam,sunshine quiz wkly q win top sony dvd player u know country liverpool play mid week txt ansr 82277 1 50 sp tyrone
spam,u secret admirer look 2 make contact u find r reveal think ur special call 09058094565
spam,u secret admirer look 2 make contact u find r reveal think ur special call 09065171142 stopsms 08
spam,reminder download content already pay goto mymoby tv collect content
ham,see knew give break time woul lead always want miss curfew gon na gibe til one midnight movie gon na get til 2 need come home need getsleep anything need b studdying ear training
ham,love give massage use lots baby oil fave position
ham,dude go sup
ham,yoyyooo u know change permission drive mac usb flash drive
ham,gibbs unsold mike hussey
ham,like talk pa able dont know
ham,dun cut short leh u dun like ah fail quite sad
ham,unbelievable faglord
ham,wife know time murder exactly
ham,ask princess
ham,great princess thinking
ham,nutter cutter ctter cttergg cttargg ctargg ctagg ie
ham,ok noe u busy really bored msg u oso dunno wat colour choose 4 one
ham,g class early tomorrow thus try smoke
ham,superb think grateful u dont everything u want mean u still opportunity happier tomorrow u today
ham,hope good week checking
ham,use hope agent drop since book thing year whole boston nyc experiment
ham,thursday night yeah sure thing work
spam,free ringtone wait collect simply text password mix 85069 verify get usher britney fml po box 5249 mk17 92h 450ppw 16
ham,probably money worry thing come due several outstanding invoice work two three month ago
ham,possible teach
ham,wonder phone battery go dead tell love babe
ham,lovely smell bus tobacco
ham,get worried derek taylor already assume bad
ham,hey charles sorry late reply
spam,last stereophonics marley dizzee racal libertine stroke win nookii game flirt click themob wap bookmark text wap 82468
ham,give plus say grinule greet whenever speak
ham,white fudge oreo store
spam,january male sale hot gay chat cheap call 08709222922 national rate 1 5p min cheap 7 8p min peak stop text call 08712460324 10p min
ham,love come take long leave zaher get word ym happy see sad leave miss
ham,sorry hurt
ham,feel nauseous piss eat sweet week cause today plan pig diet week hungry
ham,ok lor early still project meeting
ham,call da wait call
ham,could ask carlos could get anybody else chip
ham,actually send reminder today wonderful weekend
ham,people see msgs think iam addict msging wrong bcoz know iam addict sweet friend bslvyl
ham,hey give photo register drive ah tmr wan na meet yck
ham,dont talk ever ok word
ham,u wana see
ham,way school pls send ashley number
ham,shall fine avalarr hollalater
ham,go attend another two round today still reach home
ham,actually delete old website blogging magicalsongs blogspot com
ham,k wait chikku il send aftr min
ham,diet eat 1 many slice pizza yesterday ugh always diet
ham,k give kvb acc detail
ham,oh come ah
spam,money r lucky winner 2 claim prize text money 2 88600 1million give away ppt150x3 normal text rate box403 w1t1jy
ham,really sorry b able 2 friday hope u find alternative hope yr term go ok
ham,congratulation ore mo owo wa enjoy wish many happy moment fro wherever go
ham,samus shoulder yet
ham,time think need know near campus
spam,dear matthew please call 09063440451 landline complimentary 4 lux tenerife holiday 1000 cash await collection ppm150 sae c box334 sk38xh
ham,dun wear jean lor
ham,since side fever vomitin
ham,k k college
spam,urgent call 09061749602 landline complimentary 4 tenerife holiday 10 000 cash await collection sae c box 528 hp20 1yf 150ppm 18
ham,well make friday stuffed like pig yesterday feel bleh least writhe pain kind bleh
ham,sell ton coin sell coin someone thru paypal voila money back life pocket
ham,theyre lot place hospital medical place safe
spam,get touch folk wait company txt back name age opt enjoy community 150p sm
ham,also sorta blown couple time recently id rather text blue look weed
ham,sent score sophas secondary application school think think apply research cost also contact joke ogunrinde school one less expensive one
ham,cant wait see photo useful
spam,ur cash balance currently 500 pound maximize ur cash send go 86688 150p msg cc 08718720201 po box 114 14 tcr w1
ham,hey book kb sat already lessons go ah keep sat night free need meet confirm lodge
ham,chk ur belovd m dict
ham,time want come
ham,awesome lem know whenever around
ham,shb b ok lor thanx
ham,beautiful truth gravity read carefully heart feel light someone feel heavy someone leave good night
ham,also remember get dobby bowl car
spam,filthy story girl wait
ham,sorry c ur msg yar lor poor thing 4 one night tmr u brand new room 2 sleep
ham,love decision feeling could decide love life would much simpler less magical
ham,welp apparently retire
ham,sort code acc bank natwest reply confirm send right person
ham,
ham,u sure u take sick time
spam,urgent try contact u today draw show 800 prize guarantee call 09050001808 land line claim m95 valid12hrs
ham,watch cartoon listen music eve go temple church u
ham,yo chad gymnastics class wan na take site say christian class full
ham,much buzy
ham,well still catch let ask sell
ham,sure night menu know noon menu
ham,u want come back beautiful necklace token heart thats give wife like see one give dont call wait till come
ham,willing go aptitude class
ham,wont b 2 15 try 2 sort house ok
ham,yar lor wan 2 go c horse race today mah eat earlier lor ate chicken rice u
ham,haha awesome omw back
ham,yup thk e shop close lor
ham,account number
ham,eh u send wrongly lar
ham,hey ad crap nite borin without ya 2 boggy u boring biatch thanx u wait til nxt time il ave ya
ham,ok shall talk
ham,dont hesitate know second time weakness like keep notebook eat day anything change day sure nothing
ham,hey pay salary de
ham,another month need chocolate weed alcohol
ham,start search get job day great potential talent
ham,reckon need town eightish walk carpark
spam,congrats 2 mobile 3g videophones r call 09063458130 videochat wid mate play java game dload polyph music noline rentl
ham,look fuckin time fuck think
ham,yo guess drop
ham,carlos say mu minute
ham,office call min
ham,geeee miss already know think fuck wait till next year together love kiss
ham,yun ah ubi one say ü wan call tomorrow call 67441233 look irene ere get bus8 22 65 61 66 382 ubi cres ubi tech park 6ph 1st 5wkg day èn
ham,ugh get ta drive back sd la butt sore
ham,26th july
ham,hi im relaxing time ever get 7am every day party good night get home tomorrow 5ish
ham,ü ü wan come come lor din c stripe skirt
ham,xmas story peace xmas msg love xmas miracle jesus hav bless month ahead wish u merry xmas
ham,number
ham,change e one next escalator
ham,yetunde class run water make ok pls
ham,lot happen feel quiet beth aunt charlie work lot helen mo
ham,ü wait 4 bus stop aft ur lect lar dun c ü go get car come back n pick ü
